--+++++++++++++++++INDIA++++++++++++++++++++++++++++++

INSERT INTO COUNTRY_MASTER(COUNTRY_ID, COUNTRY_CODE,COUNTRY_NAME) VALUES(1,'+91','INDIA');
INSERT INTO country_master (country_ID, COUNTRY_CODE,country_NAME) VALUES(2,'1','USA');

INSERT INTO STATE_MASTER(STATE_ID,COUNTRY_ID,STATE_NAME) VALUES(1,1,'Odisha');
INSERT INTO STATE_MASTER(STATE_ID,COUNTRY_ID,STATE_NAME) VALUES(2,1,'Andhra Pradesh');
INSERT INTO STATE_MASTER(STATE_ID,COUNTRY_ID,STATE_NAME) VALUES(3,1,'Karnataka');


INSERT INTO CITY_MASTER(CITY_ID,STATE_ID,CITY_NAME)  VALUES(1,1,'Bhubaneswar');
INSERT INTO CITY_MASTER(CITY_ID,STATE_ID,CITY_NAME) VALUES(2,1,'cuttack');
INSERT INTO CITY_MASTER(CITY_ID,STATE_ID,CITY_NAME) VALUES(3,1,'Kendrapara');

INSERT INTO CITY_MASTER(CITY_ID,STATE_ID,CITY_NAME) VALUES(4,2,'VisakhaPatnam');
INSERT INTO CITY_MASTER(CITY_ID,STATE_ID,CITY_NAME) VALUES(5,2,'Guntur');
INSERT INTO CITY_MASTER(CITY_ID,STATE_ID,CITY_NAME) VALUES(6,2,'Vijaywada');



INSERT INTO CITY_MASTER(CITY_ID,STATE_ID,CITY_NAME) VALUES(7,3,'Bangalore');
INSERT INTO CITY_MASTER(CITY_ID,STATE_ID,CITY_NAME) VALUES(8,3,'Myshore');
INSERT INTO CITY_MASTER(CITY_ID,STATE_ID,CITY_NAME) VALUES(9,3,'Gulbarga');

--+++++++++++++++++USA++++++++++++++++++++++++++++++



INSERT INTO STATE_MASTER(STATE_ID,COUNTRY_ID,STATE_NAME) VALUES(4,2,'New York State');
INSERT INTO STATE_MASTER(STATE_ID,COUNTRY_ID,STATE_NAME) VALUES(5,2,'California');
INSERT INTO STATE_MASTER(STATE_ID,COUNTRY_ID,STATE_NAME) VALUES(6,2,'Texas');

INSERT INTO CITY_MASTER(CITY_ID,STATE_ID,CITY_NAME) VALUES(10,1,'Albany');
INSERT INTO CITY_MASTER(CITY_ID,STATE_ID,CITY_NAME) VALUES(11,1,'Manhattan');
INSERT INTO CITY_MASTER(CITY_ID,STATE_ID,CITY_NAME) VALUES(12,1,'New York City');


INSERT INTO CITY_MASTER(CITY_ID,STATE_ID,CITY_NAME) VALUES(13,2,'Los Angeles');
INSERT INTO CITY_MASTER(CITY_ID,STATE_ID,CITY_NAME) VALUES(14,2,'San Diegon');
INSERT INTO CITY_MASTER(CITY_ID,STATE_ID,CITY_NAME) VALUES(15,2,'San Francisco');


INSERT INTO CITY_MASTER(CITY_ID,STATE_ID,CITY_NAME) VALUES(16,3,'Houston');
INSERT INTO CITY_MASTER(CITY_ID,STATE_ID,CITY_NAME) VALUES(17,3,'Dallas');
INSERT INTO CITY_MASTER(CITY_ID,STATE_ID,CITY_NAME) VALUES(18,3,'Austin');


commit;





